index,stock_name,pb,ps,median_pb,difference_pb,median_ps,difference_ps,neighbour_name,neighbour_pb,neighbour_ps,neighbour_name,neighbour_pb,neighbour_ps,neighbour_name,neighbour_pb,neighbour_ps,neighbour_name,neighbour_pb,neighbour_ps,neighbour_name,neighbour_pb,neighbour_ps,neighbour_name,neighbour_pb,neighbour_ps,neighbour_name,neighbour_pb,neighbour_ps
1,BHP Group Ltd,2.45,2.71,1.63,-33.47,1.85,-31.73,Anglo American,1.63,1.39,NEPI Rockcastle,0.9,5.59,Vodacom,2.72,2.31,Remgro,0.8,1.04,AngloGold Ashanti,1.79,1.63,Gold Fields,1.88,1.85,British American Tobacco,1.11,2.96
2,Anheuser Busch Inbev,2.57,2.63,2.72,5.84,1.32,-49.81,MultiChoice,4.9,1.06,MTN,2.31,1.32,Glencore,0.85,0.17,Bid Corp,3.79,0.77,Richemont,4.58,3.96,Vodacom,2.72,2.31,British American Tobacco,1.11,2.96
3,Prosus,3.96,40.74,1.79,-54.80,1.94,-95.24,Naspers,2.02,4.07,AngloGold Ashanti,1.79,1.63,Exxaro,1.07,1.2,BHP Group Ltd,2.45,2.71,South32,0.87,1.19,Richemont,4.58,3.96,Aspen Pharmacare,1.06,1.94
4,Richemont,4.58,3.96,1.79,-60.92,1.63,-58.84,Gold Fields,1.88,1.85,Kap Industrial,0.73,0.29,AngloGold Ashanti,1.79,1.63,Anglo American,1.63,1.39,BHP Group Ltd,2.45,2.71,MTN,2.31,1.32,Aspen Pharmacare,1.06,1.94
5,British American Tobacco,1.11,2.96,2.45,120.72,2.15,-27.36,Vodacom,2.72,2.31,Anglo American,1.63,1.39,Clicks,11.4,1.64,BHP Group Ltd,2.45,2.71,NEPI Rockcastle,0.9,5.59,Kumba Iron Ore,3.88,2.15,Gold Fields,1.88,1.85
6,Glencore,0.85,0.17,2.57,202.35,0.59,247.06,Sasol Bee,0.86,0.55,Bid Corp,3.79,0.77,Sasol,0.82,0.53,Motus,1.26,0.19,Bidvest,2.84,0.81,Shoprite,4.57,0.59,Anheuser Busch Inbev,2.57,2.63
7,Compagnie Financiere Richemont,0.0,3.22,1.63,0.00,0.81,-74.84,Sasol,0.82,0.53,Anglo American Platinum,2.72,1.6,Bid Corp,3.79,0.77,Sasol Bee,0.86,0.55,Anglo American,1.63,1.39,Bidvest,2.84,0.81,Impala Platinum,1.2,1.21
8,Anglo American,1.63,1.39,1.50,-7.98,1.85,33.09,Mr Price,3.03,1.3,NEPI Rockcastle,0.9,5.59,Distell,2.24,1.9,Gold Fields,1.88,1.85,Remgro,0.8,1.04,Aspen Pharmacare,1.06,1.94,Foschini Group,1.5,0.63
9,Naspers,2.02,4.07,1.81,-10.40,1.21,-70.27,Thungela Resources,1.27,0.69,Gold Fields,1.88,1.85,Anglo American Platinum,2.72,1.6,Impala Platinum,1.2,1.21,Bid Corp,3.79,0.77,Discovery,1.81,1.4,Foschini Group,1.5,0.63
10,Anglo American Platinum,2.72,1.6,2.72,0.00,0.77,-51.88,Bid Corp,3.79,0.77,Vodacom,2.72,2.31,Bidvest,2.84,0.81,Foschini Group,1.5,0.63,MTN,2.31,1.32,Shoprite,4.57,0.59,Santam,0.0,0.0
11,MTN,2.31,1.32,1.88,-18.61,0.81,-38.64,Bidvest,2.84,0.81,Foschini Group,1.5,0.63,Kap Industrial,0.73,0.29,Vodacom,2.72,2.31,Bid Corp,3.79,0.77,Gold Fields,1.88,1.85,Life Healthcare,1.52,1.0
12,Vodacom,2.72,2.31,2.72,0.00,0.77,-66.67,Bidvest,2.84,0.81,Foschini Group,1.5,0.63,RCL Foods,0.9,0.28,Santam,0.0,0.0,MultiChoice,4.9,1.06,Bid Corp,3.79,0.77,Anglo American Platinum,2.72,1.6
13,South32,0.87,1.19,9.42,982.76,3.14,163.87,Bytes Technology,24.35,3.14,Karooooo,12.02,7.18,Montauk Renewables,10.87,17.36,NEPI Rockcastle,0.9,5.59,PSG Konsult Ltd,3.8,2.52,Ninety One,5.48,2.82,Ninety One,9.42,1.78
14,Sasol,0.82,0.53,1.81,120.73,0.81,52.83,Bid Corp,3.79,0.77,Sasol Bee,0.86,0.55,Pepkor,1.1,0.85,Discovery,1.81,1.4,Foschini Group,1.5,0.63,Bidvest,2.84,0.81,Discovery,1.81,1.4
15,Sasol Bee,0.86,0.55,1.26,46.51,0.63,14.55,Sasol,0.82,0.53,Remgro,0.8,1.04,Foschini Group,1.5,0.63,Bid Corp,3.79,0.77,Glencore,0.85,0.17,Bidvest,2.84,0.81,Motus,1.26,0.19
16,Kumba Iron Ore,3.88,2.15,1.07,-72.42,1.04,-51.63,Exxaro,1.07,1.2,Mr Price,3.03,1.3,Tiger Brands,2.26,1.03,Remgro,0.8,1.04,AECI Pref,0.9,0.34,Telkom,0.51,0.42,Distell,2.24,1.9
17,Gold Fields,1.88,1.85,1.79,-4.79,1.63,-11.89,PPC,0.7,0.45,Mr Price,3.03,1.3,NEPI Rockcastle,0.9,5.59,Pan African Resources,1.86,2.69,Northam Platinum Holdings,2.03,1.77,AngloGold Ashanti,1.79,1.63,Telkom,0.51,0.42
18,Impala Platinum,1.2,1.21,2.72,126.67,0.81,-33.06,Gold Fields,1.88,1.85,Bid Corp,3.79,0.77,Bidvest,2.84,0.81,Foschini Group,1.5,0.63,Shoprite,4.57,0.59,Anglo American Platinum,2.72,1.6,Remgro,0.8,1.04
19,AngloGold Ashanti,1.79,1.63,1.96,9.50,1.77,8.59,NEPI Rockcastle,0.9,5.59,Avi,5.2,1.8,SA Corporate Real Estate,0.52,2.71,Advtech,1.96,1.4,PPC,0.7,0.45,Truworths,3.1,1.17,Northam Platinum Holdings,2.03,1.77
20,Bid Corp,3.79,0.77,1.50,-60.42,0.59,-23.38,ArcelorMittal,0.39,0.11,Bidvest,2.84,0.81,Foschini Group,1.5,0.63,Anglo American Platinum,2.72,1.6,RCL Foods,0.9,0.28,Shoprite,4.57,0.59,Suprgrp,0.77,0.2
21,Shoprite,4.57,0.59,1.20,-73.74,1.04,76.27,Remgro,0.8,1.04,Impala Platinum,1.2,1.21,Discovery,1.81,1.4,Sasol Bee,0.86,0.55,Discovery,1.81,1.4,Sasol,0.82,0.53,Bid Corp,3.79,0.77
22,Sibanye Stillwater,1.16,0.76,1.20,3.45,1.21,59.21,Gold Fields,1.88,1.85,Impala Platinum,1.2,1.21,Kibo Energy,0.21,10.39,Kap Industrial,0.73,0.29,Bidvest,2.84,0.81,Pepkor,1.1,0.85,MTN,2.31,1.32
23,Discovery,1.81,1.4,1.50,-17.13,1.04,-25.71,Discovery,1.81,1.4,Thungela Resources,1.27,0.69,Remgro,0.8,1.04,Mr Price,3.03,1.3,Foschini Group,1.5,0.63,AECI Pref,0.9,0.34,Clicks,11.4,1.64
24,Discovery,1.81,1.4,1.81,0.00,1.04,-25.71,Discovery,1.81,1.4,Thungela Resources,1.27,0.69,Remgro,0.8,1.04,Mr Price,3.03,1.3,Gold Fields,1.88,1.85,Foschini Group,1.5,0.63,Bid Corp,3.79,0.77
25,Bidvest,2.84,0.81,1.50,-47.18,0.63,-22.22,Foschini Group,1.5,0.63,Telkom,0.51,0.42,Bid Corp,3.79,0.77,MultiChoice,4.9,1.06,Suprgrp,0.77,0.2,Gold Fields,1.88,1.85,RCL Foods,0.9,0.28
26,Aspen Pharmacare,1.06,1.94,0.90,-15.09,1.63,-15.98,SA Corporate Real Estate,0.52,2.71,Fortress Income,0.63,3.57,AngloGold Ashanti,1.79,1.63,Truworths,3.1,1.17,Telkom,0.51,0.42,Exxaro,1.07,1.2,NEPI Rockcastle,0.9,5.59
27,Mediclinic Int,0.74,0.86,3.61,387.84,3.57,315.12,Purple Capital Ltd,3.61,6.36,RENERGEN,4.93,1160.0,Southern Sun,0.82,1.54,Fortress Income,0.63,3.57,Montauk Renewables,10.87,17.36,Alexander Forbes Group Holdings,1.53,1.45,Ninety One,5.48,2.82
28,Remgro,0.8,1.04,1.81,126.25,1.40,34.62,Distell,2.24,1.9,Mr Price,3.03,1.3,AECI Pref,0.9,0.34,Clicks,11.4,1.64,Discovery,1.81,1.4,Discovery,1.81,1.4,Santam,0.0,0.0
29,NEPI Rockcastle,0.9,5.59,2.03,125.56,1.77,-68.34,SA Corporate Real Estate,0.52,2.71,Avi,5.2,1.8,Northam Platinum Holdings,2.03,1.77,Advtech,1.96,1.4,Ninety One,5.48,2.82,Dis-Chem Pharmacies,6.19,0.73,Reunert,1.35,0.86
30,Pepkor,1.1,0.85,1.52,38.18,1.00,17.65,Aspen Pharmacare,1.06,1.94,Discovery,1.81,1.4,Life Healthcare,1.52,1.0,Kap Industrial,0.73,0.29,Gold Fields,1.88,1.85,Foschini Group,1.5,0.63,Bidvest,2.84,0.81
31,Clicks,11.4,1.64,0.90,-92.11,0.34,-79.27,Hulamin,0.33,0.07,AECI Pref,0.9,0.34,Aveng Ltd,0.46,0.06,Distell,2.24,1.9,Mr Price,3.03,1.3,Netcare,2.05,0.97,RCL Foods,0.9,0.28
32,Woolworths,5.4,0.79,2.84,-47.41,0.63,-20.25,SPAR,2.87,0.21,Suprgrp,0.77,0.2,MultiChoice,4.9,1.06,Bidvest,2.84,0.81,Foschini Group,1.5,0.63,Telkom,0.51,0.42,Mr Price,3.03,1.3
33,MultiChoice,4.9,1.06,1.50,-69.39,0.63,-40.57,Suprgrp,0.77,0.2,Dis-Chem Pharmacies,6.19,0.73,Foschini Group,1.5,0.63,Clicks,11.4,1.64,Telkom,0.51,0.42,AECI Pref,0.9,0.34,Avi,5.2,1.8
34,Old Mutual,0.95,0.44,1.52,60.00,1.17,165.91,Truworths,3.1,1.17,Shoprite,4.57,0.59,Aspen Pharmacare,1.06,1.94,Life Healthcare,1.52,1.0,Discovery,1.81,1.4,Pepkor,1.1,0.85,Growthpoint Properties,0.65,3.56
35,Northam Platinum Holdings,2.03,1.77,0.70,-65.52,1.12,-36.72,Reunert,1.35,0.86,PPC,0.7,0.45,NEPI Rockcastle,0.9,5.59,Hulamin,0.33,0.07,SA Corporate Real Estate,0.52,2.71,Curro Hol,0.64,1.12,Avi,5.2,1.8
36,OUTsurance,4.76,2.55,1.86,-60.92,1.85,-27.45,Coronation,5.33,2.92,Reunert,1.35,0.86,Northam Platinum Holdings,2.03,1.77,Gold Fields,1.88,1.85,Pan African Resources,1.86,2.69,PPC,0.7,0.45,NEPI Rockcastle,0.9,5.59
37,African Rainbow Minerals,1.03,2.59,1.76,70.87,1.78,-31.27,Exxaro,1.07,1.2,Astral,1.29,0.32,Royal Bafokeng Platinum,1.76,2.73,Distell,2.24,1.9,Ninety One,5.48,2.82,Cafca,0.1,0.04,Ninety One,9.42,1.78
38,Exxaro,1.07,1.2,1.35,26.17,1.30,8.33,African Rainbow Minerals,1.03,2.59,Astral,1.29,0.32,Reunert,1.35,0.86,Mr Price,3.03,1.3,Avi,5.2,1.8,NEPI Rockcastle,0.9,5.59,Tiger Brands,2.26,1.03
39,Growthpoint Properties,0.65,3.56,1.06,63.08,1.63,-54.21,Fortress Income,0.63,3.57,Truworths,3.1,1.17,Life Healthcare,1.52,1.0,Redefine Properties,0.51,2.98,Kap Industrial,0.73,0.29,Aspen Pharmacare,1.06,1.94,AngloGold Ashanti,1.79,1.63
40,Royal Bafokeng Platinum,1.76,2.73,1.10,-37.50,0.34,-87.55,Cafca,0.1,0.04,Italtile,2.29,1.71,Mpact,1.1,0.37,Libstar,0.66,0.34,Bell Equipment Ltd.,0.37,0.17,Astral,1.29,0.32,Ninety One,5.48,2.82
41,Ninety One,5.48,2.82,3.80,-30.66,1.12,-60.28,Ninety One,9.42,1.78,PSG Konsult Ltd,3.8,2.52,Avi,5.2,1.8,Curro Hol,0.64,1.12,Hulamin,0.33,0.07,Libstar,0.66,0.34,Dis-Chem Pharmacies,6.19,0.73
42,Distell,2.24,1.9,0.90,-59.82,0.34,-82.11,Hulamin,0.33,0.07,Clicks,11.4,1.64,Aveng Ltd,0.46,0.06,Avi,5.2,1.8,AECI Pref,0.9,0.34,Telkom,0.51,0.42,Astral,1.29,0.32
43,Ninety One,9.42,1.78,1.05,-88.85,0.38,-78.65,Altron,0.75,0.37,Afrimat,2.26,1.75,Metair,0.97,0.38,Adcock Ingram,1.68,1.01,Netcare,2.05,0.97,Bell Equipment Ltd.,0.37,0.17,Kaap Agri Bedryf,1.05,0.18
44,Mr Price,3.03,1.3,2.24,-26.07,1.03,-20.77,Raubex,1.02,0.39,Hulamin,0.33,0.07,Avi,5.2,1.8,Tiger Brands,2.26,1.03,Telkom,0.51,0.42,Distell,2.24,1.9,Clicks,11.4,1.64
45,Santam,0.0,0.0,0.90,0.00,0.34,0.00,RCL Foods,0.9,0.28,Distell,2.24,1.9,Clicks,11.4,1.64,Aveng Ltd,0.46,0.06,Astral,1.29,0.32,AECI Pref,0.9,0.34,Remgro,0.8,1.04
46,Tiger Brands,2.26,1.03,1.02,-54.87,0.32,-68.93,Cashbuild,1.81,0.38,Raubex,1.02,0.39,Hulamin,0.33,0.07,Aveng Ltd,0.46,0.06,RCL Foods,0.9,0.28,Distell,2.24,1.9,Astral,1.29,0.32
47,Foschini Group,1.5,0.63,2.24,49.33,1.06,68.25,Clicks,11.4,1.64,Telkom,0.51,0.42,Suprgrp,0.77,0.2,Gold Fields,1.88,1.85,Tiger Brands,2.26,1.03,MultiChoice,4.9,1.06,Distell,2.24,1.9
48,Life Healthcare,1.52,1.0,1.06,-30.26,1.94,94.00,Redefine Properties,0.51,2.98,SA Corporate Real Estate,0.52,2.71,Fortress Income,0.63,3.57,Pepkor,1.1,0.85,Truworths,3.1,1.17,AngloGold Ashanti,1.79,1.63,Aspen Pharmacare,1.06,1.94
49,Thungela Resources,1.27,0.69,1.76,38.58,1.04,50.72,Remgro,0.8,1.04,Mr Price,3.03,1.3,Cafca,0.1,0.04,Distell,2.24,1.9,Aveng Ltd,0.46,0.06,Tiger Brands,2.26,1.03,Royal Bafokeng Platinum,1.76,2.73
50,Hammerson,0.35,8.61,0.72,105.71,3.56,-58.65,Equites Property Fund Ltd,0.79,5.95,African Rainbow,0.72,5.94,Growthpoint Properties,0.65,3.56,Fortress Income,0.63,3.57,SA Corporate Real Estate,0.52,2.71,Aspen Pharmacare,1.06,1.94,OUTsurance,4.76,2.55
51,SPAR,2.87,0.21,1.50,-47.74,0.63,200.00,Woolworths,5.4,0.79,MultiChoice,4.9,1.06,Suprgrp,0.77,0.2,Motus,1.26,0.19,Bidvest,2.84,0.81,Foschini Group,1.5,0.63,Telkom,0.51,0.42
52,Quilter,1.32,0.7,1.35,2.27,1.77,152.86,Curro Hol,0.64,1.12,Reunert,1.35,0.86,Advtech,1.96,1.4,Attacq,0.49,2.44,Northam Platinum Holdings,2.03,1.77,Avi,5.2,1.8,SA Corporate Real Estate,0.52,2.71
53,Textainer,0.45,0.8,1.01,124.44,3.94,392.50,Globe Trade Centre,1.04,6.66,Heriot,0.9,5.1,Exemplar REITail,0.92,3.94,Lesaka Tech,0.36,0.38,Grindrod Shipping,13.59,0.31,Alphamin Res,1.01,10.76,MiX Telematics Ltd,1.55,1.2
54,Momentum,0.0,0.0,1.10,0.00,1.00,0.00,Discovery,1.81,1.4,Aspen Pharmacare,1.06,1.94,Truworths,3.1,1.17,Pepkor,1.1,0.85,Life Healthcare,1.52,1.0,Telkom,0.51,0.42,Kap Industrial,0.73,0.29
55,Redefine Properties,0.51,2.98,1.52,198.04,1.32,-55.70,Fortress Income,0.63,3.57,Truworths,3.1,1.17,Growthpoint Properties,0.65,3.56,Kap Industrial,0.73,0.29,Life Healthcare,1.52,1.0,MTN,2.31,1.32,AngloGold Ashanti,1.79,1.63
56,Montauk Renewables,10.87,17.36,1.55,-85.74,3.14,-81.91,Grindrod Shipping,13.59,0.31,Mtn Zakhele Futhi,0.5,10.39,Lesaka Tech,0.36,0.38,MiX Telematics Ltd,1.55,1.2,Bytes Technology,24.35,3.14,Sygnia Ltd,3.17,3.3,Globe Trade Centre,1.04,6.66
57,Avi,5.2,1.8,1.96,-62.31,1.12,-37.78,Distell,2.24,1.9,Ninety One,5.48,2.82,Hulamin,0.33,0.07,Advtech,1.96,1.4,Quilter,1.32,0.7,Curro Hol,0.64,1.12,Dis-Chem Pharmacies,6.19,0.73
58,Dis-Chem Pharmacies,6.19,0.73,1.81,-70.76,0.88,20.55,Curro Hol,0.64,1.12,Hulamin,0.33,0.07,Raubex,1.02,0.39,Tiger Brands,2.26,1.03,Cashbuild,1.81,0.38,Mr Price,3.03,1.3,Transaction Capital,2.66,0.88
59,Transaction Capital,2.66,0.88,0.90,-66.17,1.77,101.14,Nampak,0.13,0.04,Dis-Chem Pharmacies,6.19,0.73,NEPI Rockcastle,0.9,5.59,Avi,5.2,1.8,Northam Platinum Holdings,2.03,1.77,Vukile Property,0.69,3.58,Hulamin,0.33,0.07
60,Truworths,3.1,1.17,0.90,-70.97,1.94,65.81,Aspen Pharmacare,1.06,1.94,Fortress Income,0.63,3.57,SA Corporate Real Estate,0.52,2.71,Telkom,0.51,0.42,AngloGold Ashanti,1.79,1.63,Foschini Group,1.5,0.63,NEPI Rockcastle,0.9,5.59
61,Sirius RE,1.09,5.72,2.04,87.16,3.05,-46.68,Orion Gold NL,2.04,51.69,RENERGEN,4.93,1160.0,Purple Capital Ltd,3.61,6.36,Southern Sun,0.82,1.54,Curro Hol,0.64,1.12,Jubilee Platinum,0.54,3.05,Ninety One,5.48,2.82
62,Bytes Technology,24.35,3.14,1.55,-93.63,3.30,5.10,Lesaka Tech,0.36,0.38,MiX Telematics Ltd,1.55,1.2,Karooooo,12.02,7.18,Alphamin Res,1.01,10.76,Grindrod Shipping,13.59,0.31,Sygnia Ltd,3.17,3.3,Globe Trade Centre,1.04,6.66
63,Netcare,2.05,0.97,1.05,-48.78,0.34,-64.95,Bell Equipment Ltd.,0.37,0.17,Libstar,0.66,0.34,Metair,0.97,0.38,Kaap Agri Bedryf,1.05,0.18,Astral,1.29,0.32,Mpact,1.1,0.37,Ninety One,9.42,1.78
64,Telkom,0.51,0.42,2.26,343.14,1.03,145.24,Clicks,11.4,1.64,Avi,5.2,1.8,Foschini Group,1.5,0.63,Hulamin,0.33,0.07,Tiger Brands,2.26,1.03,Dis-Chem Pharmacies,6.19,0.73,Distell,2.24,1.9
65,Motus,1.26,0.19,2.84,125.40,0.63,231.58,Suprgrp,0.77,0.2,MultiChoice,4.9,1.06,Foschini Group,1.5,0.63,Bidvest,2.84,0.81,SPAR,2.87,0.21,Woolworths,5.4,0.79,RCL Foods,0.9,0.28
66,Fortress Income,0.63,3.57,1.79,184.13,2.69,-24.65,SA Corporate Real Estate,0.52,2.71,NEPI Rockcastle,0.9,5.59,Truworths,3.1,1.17,Pan African Resources,1.86,2.69,Advtech,1.96,1.4,AngloGold Ashanti,1.79,1.63,Vukile Property,0.69,3.58
67,Fortress Income,0.63,3.57,0.50,-20.63,2.44,-31.65,Invprop,0.5,4.59,Attacq,0.49,2.44,Resilient Property,0.0,0.0,JSE,0.0,0.0,Stor-Age Property REIT Ltd,0.91,6.45,City Lodge,2.45,1.73,Ninety One,5.48,2.82
68,Resilient Property,0.0,0.0,0.69,0.00,2.92,0.00,Coronation,5.33,2.92,Fortress Income,0.63,3.57,Vukile Property,0.69,3.58,Attacq,0.49,2.44,Avi,5.2,1.8,Invprop,0.5,4.59,Reunert,1.35,0.86
69,PSG Konsult Ltd,3.8,2.52,0.91,-76.05,1.01,-59.92,JSE,0.0,0.0,RFG Holdings,0.89,0.37,Stor-Age Property REIT Ltd,0.91,6.45,Adcock Ingram,1.68,1.01,Afrimat,2.26,1.75,Insimbi Refractory Alloy Supply,0.58,0.07,Orion Gold NL,2.04,51.69
70,Italtile,2.29,1.71,0.59,-74.24,0.53,-69.01,Afrimat,2.26,1.75,Sea Harvest,0.88,0.53,Caxton,0.47,0.54,Quantum Foods Holdings,0.45,0.16,Invicta,0.59,0.34,Adcock Ingram,1.68,1.01,Lewis,0.53,0.33
71,Globe Trade Centre,1.04,6.66,0.90,-13.46,2.57,-61.41,Heriot,0.9,5.1,Industrials REIT,0.75,7.42,Alphamin Res,1.01,10.76,Grindrod Shipping,13.59,0.31,MiX Telematics Ltd,1.55,1.2,Lesaka Tech,0.36,0.38,Acsion,0.33,2.57
72,Karooooo,12.02,7.18,0.57,-95.26,0.37,-94.85,Emedia Holdings,0.57,0.47,E Media Holdings Ltd,0.57,0.47,Master Drilling Group Ltd,0.65,0.59,Marshall Monteagle PLC,0.0,0.37,Invicta Holdings,0.59,0.34,Invicta,0.59,0.34,South Ocean Holdings Ltd,0.37,0.12
73,Vukile Property,0.69,3.58,0.90,30.43,2.92,-18.44,Coronation,5.33,2.92,Fortress Income,0.63,3.57,Sirius RE,1.09,5.72,SA Corporate Real Estate,0.52,2.71,Resilient Property,0.0,0.0,NEPI Rockcastle,0.9,5.59,Avi,5.2,1.8
74,Alphamin Res,1.01,10.76,0.75,-25.74,3.14,-70.82,Lesaka Tech,0.36,0.38,MiX Telematics Ltd,1.55,1.2,Bytes Technology,24.35,3.14,Acsion,0.33,2.57,Sabvest Capital,0.87,3.83,Industrials REIT,0.75,7.42,Mtn Zakhele Futhi,0.5,10.39
75,Tsogo Sun,3.34,1.19,0.68,-79.64,0.27,-77.31,Combined Moto,1.77,0.18,Brimstone Investment,0.52,0.27,AfroCentric Investment Corp,1.29,0.36,Mustek Ltd,0.68,0.1,Bell Equipment Ltd.,0.37,0.17,Libstar,0.66,0.34,Sun International,3.74,0.88
76,Equites Property Fund Ltd,0.79,5.95,0.69,-12.66,2.92,-50.92,Jubilee Platinum,0.54,3.05,Vukile Property,0.69,3.58,Coronation,5.33,2.92,OUTsurance,4.76,2.55,Fortress Income,0.63,3.57,Resilient Property,0.0,0.0,Pan African Resources,1.86,2.69
77,Drdgold,1.97,2.1,1.09,-44.67,3.05,45.24,Zeder,0.63,0.0,Jubilee Platinum,0.54,3.05,Sirius RE,1.09,5.72,Attacq,0.49,2.44,City Lodge,2.45,1.73,RENERGEN,4.93,1160.0,Purple Capital Ltd,3.61,6.36
78,Suprgrp,0.77,0.2,1.50,94.81,0.63,215.00,MultiChoice,4.9,1.06,Foschini Group,1.5,0.63,Clicks,11.4,1.64,Telkom,0.51,0.42,AECI Pref,0.9,0.34,Mr Price,3.03,1.3,Hulamin,0.33,0.07
79,Coronation,5.33,2.92,0.69,-87.05,2.71,-7.19,Fortress Income,0.63,3.57,Resilient Property,0.0,0.0,Vukile Property,0.69,3.58,SA Corporate Real Estate,0.52,2.71,NEPI Rockcastle,0.9,5.59,Avi,5.2,1.8,Northam Platinum Holdings,2.03,1.77
80,RCL Foods,0.9,0.28,1.81,101.11,0.38,35.71,Santam,0.0,0.0,Distell,2.24,1.9,Clicks,11.4,1.64,Cashbuild,1.81,0.38,Aveng Ltd,0.46,0.06,Astral,1.29,0.32,Tiger Brands,2.26,1.03
81,Reunert,1.35,0.86,0.49,-63.70,0.70,-18.60,Attacq,0.49,2.44,Avi,5.2,1.8,NEPI Rockcastle,0.9,5.59,Hulamin,0.33,0.07,Quilter,1.32,0.7,Resilient Property,0.0,0.0,Grindrod,0.0,0.0
82,AECI Pref,0.9,0.34,2.05,127.78,0.97,185.29,Metair,0.97,0.38,Clicks,11.4,1.64,Astral,1.29,0.32,Netcare,2.05,0.97,Distell,2.24,1.9,Mr Price,3.03,1.3,RCL Foods,0.9,0.28
83,African Rainbow,0.72,5.94,1.79,148.61,2.55,-57.07,Equites Property Fund Ltd,0.79,5.95,OUTsurance,4.76,2.55,Kibo Energy,0.21,10.39,Gold Fields,1.88,1.85,PPC,0.7,0.45,AngloGold Ashanti,1.79,1.63,Pan African Resources,1.86,2.69
84,Advtech,1.96,1.4,0.64,-67.35,1.80,28.57,Avi,5.2,1.8,SA Corporate Real Estate,0.52,2.71,Attacq,0.49,2.44,Quilter,1.32,0.7,Curro Hol,0.64,1.12,NEPI Rockcastle,0.9,5.59,Resilient Property,0.0,0.0
85,JSE,0.0,0.0,0.89,0.00,1.01,0.00,PSG Konsult Ltd,3.8,2.52,Afrimat,2.26,1.75,Adcock Ingram,1.68,1.01,Caxton,0.47,0.54,RFG Holdings,0.89,0.37,Spear REIT,0.62,2.82,Insimbi Refractory Alloy Supply,0.58,0.07
86,Adcock Ingram,1.68,1.01,0.57,-66.07,0.17,-83.17,RFG Holdings,0.89,0.37,Bell Equipment Ltd.,0.37,0.17,Grindrod,0.0,0.0,Afrimat,2.26,1.75,Quantum Foods Holdings,0.45,0.16,Mustek Ltd,0.68,0.1,Deneb Investments,0.57,0.3
87,Kap Industrial,0.73,0.29,1.52,108.22,1.63,462.07,Redefine Properties,0.51,2.98,SA Corporate Real Estate,0.52,2.71,MTN,2.31,1.32,AngloGold Ashanti,1.79,1.63,Life Healthcare,1.52,1.0,Pan African Resources,1.86,2.69,Pepkor,1.1,0.85
88,Sun International,3.74,0.88,0.97,-74.06,0.27,-69.32,Kaap Agri Bedryf,1.05,0.18,Tsogo Sun,3.34,1.19,Sea Harvest,0.88,0.53,Brimstone Investment,0.52,0.27,Metair,0.97,0.38,Mustek Ltd,0.68,0.1,Combined Moto,1.77,0.18
89,Afrimat,2.26,1.75,0.88,-61.06,0.53,-69.71,Italtile,2.29,1.71,Grindrod,0.0,0.0,Adcock Ingram,1.68,1.01,Caxton,0.47,0.54,Sea Harvest,0.88,0.53,AfroCentric Investment Corp,1.29,0.36,Invicta,0.59,0.34
90,Industrials REIT,0.75,7.42,1.55,106.67,1.20,-83.83,Acsion,0.33,2.57,Grindrod Shipping,13.59,0.31,PBT Group,2.09,0.69,Sygnia Ltd,3.17,3.3,DRA Global,0.46,0.13,Alphamin Res,1.01,10.76,MiX Telematics Ltd,1.55,1.2
91,Famous Brands,10.04,0.95,0.58,-94.22,0.34,-64.21,Insimbi Refractory Alloy Supply,0.58,0.07,Deneb Investments,0.57,0.3,Invicta Holdings,0.59,0.34,Invicta,0.59,0.34,Balwin Properties,0.41,0.43,Master Drilling Group Ltd,0.65,0.59,Lewis,0.53,0.33
92,Southern Sun,0.82,1.54,0.88,7.32,0.53,-65.58,Altron,0.75,0.37,Sea Harvest,0.88,0.53,Italtile,2.29,1.71,Afrimat,2.26,1.75,Alexander Forbes Group Holdings,1.53,1.45,JSE,0.0,0.0,Invicta,0.59,0.34
93,Tharisa,0.63,0.52,0.97,53.97,0.37,-28.85,Sea Harvest,0.88,0.53,Italtile,2.29,1.71,Kaap Agri Bedryf,1.05,0.18,Mustek Ltd,0.68,0.1,Metair,0.97,0.38,AfroCentric Investment Corp,1.29,0.36,Altron,0.75,0.37
94,Invprop,0.5,4.59,0.63,26.00,2.24,-51.20,Fortress Income,0.63,3.57,City Lodge,2.45,1.73,Attacq,0.49,2.44,Emira,0.59,2.24,Stor-Age Property REIT Ltd,0.91,6.45,JSE,0.0,0.0,Curro Hol,0.64,1.12
95,Astral,1.29,0.32,1.05,-18.60,0.37,15.62,Adcock Ingram,1.68,1.01,Libstar,0.66,0.34,Bell Equipment Ltd.,0.37,0.17,Metair,0.97,0.38,Netcare,2.05,0.97,Kaap Agri Bedryf,1.05,0.18,Mpact,1.1,0.37
96,Grindrod,0.0,0.0,1.32,0.00,1.77,0.00,Reunert,1.35,0.86,Northam Platinum Holdings,2.03,1.77,Curro Hol,0.64,1.12,Quilter,1.32,0.7,NEPI Rockcastle,0.9,5.59,Fortress Income,0.63,3.57,Coronation,5.33,2.92
97,Grindrod,0.0,0.0,0.59,0.00,0.47,0.00,Master Drilling Group Ltd,0.65,0.59,Afrimat,2.26,1.75,RFG Holdings,0.89,0.37,Caxton,0.47,0.54,Invicta Holdings,0.59,0.34,Invicta,0.59,0.34,Emedia Holdings,0.57,0.47
98,Attacq,0.49,2.44,0.91,85.71,2.52,3.28,Fortress Income,0.63,3.57,JSE,0.0,0.0,Stor-Age Property REIT Ltd,0.91,6.45,Ninety One,5.48,2.82,Advtech,1.96,1.4,PSG Konsult Ltd,3.8,2.52,Resilient Property,0.0,0.0
99,Alexander Forbes Group Holdings,1.53,1.45,0.53,-65.36,0.43,-70.34,Lewis,0.53,0.33,Quantum Foods Holdings,0.45,0.16,Caxton,0.47,0.54,Balwin Properties,0.41,0.43,Adcock Ingram,1.68,1.01,Afrimat,2.26,1.75,Invicta,0.59,0.34
100,Stor-Age Property REIT Ltd,0.91,6.45,0.75,-17.58,2.22,-65.58,Spear REIT,0.62,2.82,JSE,0.0,0.0,City Lodge,2.45,1.73,PSG Konsult Ltd,3.8,2.52,Emira,0.59,2.24,Labat Africa Ltd,0.75,2.22,MiX Telematics Ltd,1.55,1.2
101,Pan African Resources,1.86,2.69,0.90,-51.61,1.77,-34.20,NEPI Rockcastle,0.9,5.59,Northam Platinum Holdings,2.03,1.77,SA Corporate Real Estate,0.52,2.71,AngloGold Ashanti,1.79,1.63,Fortress Income,0.63,3.57,PPC,0.7,0.45,Truworths,3.1,1.17
102,Deutsche Konsum REIT,1.77,13.04,0.50,-71.75,2.57,-80.29,Mtn Zakhele Futhi,0.5,10.39,Sabvest Capital,0.87,3.83,Acsion,0.33,2.57,Grand Parade,1.24,80.95,Grindrod Shipping,13.59,0.31,Tradehold,0.41,1.02,Lesaka Tech,0.36,0.38
103,SA Corporate Real Estate,0.52,2.71,1.86,257.69,1.80,-33.58,Avi,5.2,1.8,NEPI Rockcastle,0.9,5.59,Fortress Income,0.63,3.57,Advtech,1.96,1.4,Pan African Resources,1.86,2.69,Northam Platinum Holdings,2.03,1.77,PPC,0.7,0.45
104,Jubilee Platinum,0.54,3.05,1.32,144.44,5.72,87.54,Sirius RE,1.09,5.72,RENERGEN,4.93,1160.0,Purple Capital Ltd,3.61,6.36,Orion Gold NL,2.04,51.69,Grindrod,0.0,0.0,Attacq,0.49,2.44,Quilter,1.32,0.7
105,Emira,0.59,2.24,0.47,-20.34,0.63,-71.88,Frontier Transport Holdings,1.0,0.63,Spear REIT,0.62,2.82,Ayo Tech,0.38,0.65,Accelerate Property Fund Ltd,0.15,1.06,Caxton,0.47,0.54,JSE,0.0,0.0,Insimbi Refractory Alloy Supply,0.58,0.07
106,Raubex,1.02,0.39,1.05,2.94,0.38,-2.56,Dis-Chem Pharmacies,6.19,0.73,Tharisa,0.63,0.52,Sun International,3.74,0.88,Hulamin,0.33,0.07,Kaap Agri Bedryf,1.05,0.18,Cashbuild,1.81,0.38,Metair,0.97,0.38
107,Lesaka Tech,0.36,0.38,0.50,38.89,2.57,576.32,DRA Global,0.46,0.13,Acsion,0.33,2.57,Sabvest Capital,0.87,3.83,Mtn Zakhele Futhi,0.5,10.39,Crookes Brothers Ltd,0.41,0.69,Grindrod Shipping,13.59,0.31,Oasis Crescent,0.83,12.48
108,Grindrod Shipping,13.59,0.31,0.46,-96.62,2.57,729.03,Acsion,0.33,2.57,Oasis Crescent,0.83,12.48,Crookes Brothers Ltd,0.41,0.69,Sygnia Ltd,3.17,3.3,DRA Global,0.46,0.13,Mtn Zakhele Futhi,0.5,10.39,Lesaka Tech,0.36,0.38
109,Curro Hol,0.64,1.12,3.61,464.06,2.82,151.79,Quilter,1.32,0.7,Ninety One,5.48,2.82,Advtech,1.96,1.4,PSG Konsult Ltd,3.8,2.52,Orion Gold NL,2.04,51.69,Purple Capital Ltd,3.61,6.36,RENERGEN,4.93,1160.0
110,ArcelorMittal,0.39,0.11,2.26,479.49,0.73,563.64,Tiger Brands,2.26,1.03,Aveng Ltd,0.46,0.06,Hulamin,0.33,0.07,Dis-Chem Pharmacies,6.19,0.73,Foschini Group,1.5,0.63,Mr Price,3.03,1.3,Clicks,11.4,1.64
111,PPC,0.7,0.45,1.79,155.71,1.63,262.22,Quilter,1.32,0.7,Reunert,1.35,0.86,AngloGold Ashanti,1.79,1.63,Northam Platinum Holdings,2.03,1.77,Advtech,1.96,1.4,NEPI Rockcastle,0.9,5.59,Avi,5.2,1.8
112,Metair,0.97,0.38,0.68,-29.90,0.27,-28.95,Mustek Ltd,0.68,0.1,Kaap Agri Bedryf,1.05,0.18,Libstar,0.66,0.34,Netcare,2.05,0.97,Bell Equipment Ltd.,0.37,0.17,Brimstone Investment,0.52,0.27,Adcock Ingram,1.68,1.01
113,Mpact,1.1,0.37,0.66,-40.00,0.27,-27.03,Bell Equipment Ltd.,0.37,0.17,Cafca,0.1,0.04,Libstar,0.66,0.34,Adcock Ingram,1.68,1.01,Metair,0.97,0.38,Mustek Ltd,0.68,0.1,Brimstone Investment,0.52,0.27
114,Cashbuild,1.81,0.38,0.88,-51.38,0.34,-10.53,Metair,0.97,0.38,Kaap Agri Bedryf,1.05,0.18,Raubex,1.02,0.39,Sea Harvest,0.88,0.53,Libstar,0.66,0.34,Bell Equipment Ltd.,0.37,0.17,Aveng Ltd,0.46,0.06
115,Exemplar REITail,0.92,3.94,0.98,6.52,0.59,-85.03,Sygnia Ltd,3.17,3.3,Ascendis Health Ltd,0.98,0.25,Dipula Income Fund Ltd,0.63,2.76,Frontier Transport Holdings,1.0,0.63,Rebosis,0.06,0.1,Vunani,1.31,0.59,Metrofile,0.0,0.0
116,Stadio,2.24,3.28,1.22,-45.54,0.93,-71.65,Ellies,1.22,0.11,Calgro M3 Holdings Ltd,0.33,0.25,Santova Ltd,1.22,1.56,MiX Telematics Ltd,1.55,1.2,Delta Property Fund,0.06,0.13,Mtn Zakhele Futhi,0.5,10.39,Cognition Holdings Ltd,1.34,0.93
117,Dipula Income Fund Ltd,0.63,2.76,1.00,58.73,0.63,-77.17,Frontier Transport Holdings,1.0,0.63,Sygnia Ltd,3.17,3.3,Exemplar REITail,0.92,3.94,Metrofile,0.0,0.0,Vunani,1.31,0.59,PBT Group,2.09,0.69,Rebosis,0.06,0.1
118,Caxton,0.47,0.54,0.59,25.53,0.34,-37.04,Quantum Foods Holdings,0.45,0.16,Adcock Ingram,1.68,1.01,Lewis,0.53,0.33,Alexander Forbes Group Holdings,1.53,1.45,RFG Holdings,0.89,0.37,Invicta Holdings,0.59,0.34,Invicta,0.59,0.34
119,Liberty Two Degrees,0.61,3.89,0.90,47.54,3.30,-15.17,Safari Investments RSA Ltd,0.66,3.44,Transcend Residential Property,0.73,3.35,Sygnia Ltd,3.17,3.3,Heriot,0.9,5.1,PBT Group,2.09,0.69,Grindrod Shipping,13.59,0.31,Indluplace Properties Ltd,0.47,1.68
120,Client√®le,3.44,1.29,0.57,-83.43,0.47,-63.57,Ayo Tech,0.38,0.65,Frontier Transport Holdings,1.0,0.63,Balwin Properties,0.41,0.43,Emedia Holdings,0.57,0.47,E Media Holdings Ltd,0.57,0.47,South Ocean Holdings Ltd,0.37,0.12,Transpaco Ltd,1.11,0.38
121,Sabvest Capital,0.87,3.83,0.41,-52.87,0.55,-85.64,Lesaka Tech,0.36,0.38,Acsion,0.33,2.57,DRA Global,0.46,0.13,Trellidor Holdings Ltd,0.0,0.55,Bauba Platinum Ltd,1.03,1.06,Crookes Brothers Ltd,0.41,0.69,Rex Trueform,0.97,0.52
122,Merafe,0.87,0.42,0.88,1.15,0.53,26.19,Lewis,0.53,0.33,Alexander Forbes Group Holdings,1.53,1.45,Caxton,0.47,0.54,Italtile,2.29,1.71,AfroCentric Investment Corp,1.29,0.36,Tharisa,0.63,0.52,Sea Harvest,0.88,0.53
123,MiX Telematics Ltd,1.55,1.2,0.90,-41.94,1.56,30.00,Ellies,1.22,0.11,Santova Ltd,1.22,1.56,Putprop Ltd,0.25,1.39,Grindrod Shipping,13.59,0.31,Heriot,0.9,5.1,Liberty Two Degrees,0.61,3.89,EPE Capital Partners,0.63,2.68
124,Libstar,0.66,0.34,0.89,34.85,0.27,-20.59,RFG Holdings,0.89,0.37,Bell Equipment Ltd.,0.37,0.17,Mustek Ltd,0.68,0.1,Adcock Ingram,1.68,1.01,Metair,0.97,0.38,Kaap Agri Bedryf,1.05,0.18,Brimstone Investment,0.52,0.27
125,Altron,0.75,0.37,1.29,72.00,0.53,43.24,Afrimat,2.26,1.75,Italtile,2.29,1.71,Tharisa,0.63,0.52,Sea Harvest,0.88,0.53,Grindrod,0.0,0.0,Adcock Ingram,1.68,1.01,AfroCentric Investment Corp,1.29,0.36
126,AfroCentric Investment Corp,1.29,0.36,0.68,-47.29,0.30,-16.67,Mustek Ltd,0.68,0.1,Quantum Foods Holdings,0.45,0.16,Deneb Investments,0.57,0.3,Afrimat,2.26,1.75,Combined Moto,1.77,0.18,Invicta,0.59,0.34,RFG Holdings,0.89,0.37
127,Heriot,0.9,5.1,0.61,-32.22,1.06,-79.22,Bauba Platinum Ltd,1.03,1.06,Trellidor Holdings Ltd,0.0,0.55,Liberty Two Degrees,0.61,3.89,Safari Investments RSA Ltd,0.66,3.44,Sygnia Ltd,3.17,3.3,Buffalo Coal,0.47,0.06,Lesaka Tech,0.36,0.38
128,RENERGEN,4.93,1160.0,1.09,-77.89,3.28,-99.72,Purple Capital Ltd,3.61,6.36,Southern Sun,0.82,1.54,Stadio,2.24,3.28,Orion Gold NL,2.04,51.69,Labat Africa Ltd,0.75,2.22,Sirius RE,1.09,5.72,Curro Hol,0.64,1.12
129,Kaap Agri Bedryf,1.05,0.18,0.88,-16.19,0.36,100.00,Metair,0.97,0.38,Mustek Ltd,0.68,0.1,Brimstone Investment,0.52,0.27,Libstar,0.66,0.34,Netcare,2.05,0.97,Sea Harvest,0.88,0.53,AfroCentric Investment Corp,1.29,0.36
130,Sea Harvest,0.88,0.53,0.59,-32.95,0.34,-35.85,Afrimat,2.26,1.75,Invicta,0.59,0.34,Deneb Investments,0.57,0.3,Invicta Holdings,0.59,0.34,Mustek Ltd,0.68,0.1,Brimstone Investment,0.52,0.27,AfroCentric Investment Corp,1.29,0.36
131,Sygnia Ltd,3.17,3.3,0.46,-85.49,0.38,-88.48,Grindrod Shipping,13.59,0.31,Acsion,0.33,2.57,Sephaku Holdings Ltd,0.22,0.29,Lesaka Tech,0.36,0.38,Liberty Two Degrees,0.61,3.89,DRA Global,0.46,0.13,PBT Group,2.09,0.69
132,RFG Holdings,0.89,0.37,0.59,-33.71,0.30,-18.92,Invicta Holdings,0.59,0.34,Adcock Ingram,1.68,1.01,Invicta,0.59,0.34,Insimbi Refractory Alloy Supply,0.58,0.07,Deneb Investments,0.57,0.3,Mustek Ltd,0.68,0.1,Grindrod,0.0,0.0
133,Invicta Holdings,0.59,0.34,0.59,0.00,0.54,58.82,Invicta,0.59,0.34,Deneb Investments,0.57,0.3,Master Drilling Group Ltd,0.65,0.59,Afrimat,2.26,1.75,Grindrod,0.0,0.0,Caxton,0.47,0.54,Karooooo,12.02,7.18
134,Invicta,0.59,0.34,0.59,0.00,0.37,8.82,Invicta Holdings,0.59,0.34,RFG Holdings,0.89,0.37,Deneb Investments,0.57,0.3,Master Drilling Group Ltd,0.65,0.59,Caxton,0.47,0.54,Transpaco Ltd,1.11,0.38,Quantum Foods Holdings,0.45,0.16
135,Zeder,0.63,0.0,0.59,-6.35,2.24,0.00,Drdgold,1.97,2.1,Capital Appreciation,1.2,1.92,City Lodge,2.45,1.73,Attacq,0.49,2.44,Jubilee Platinum,0.54,3.05,Emira,0.59,2.24,Invprop,0.5,4.59
136,Acsion,0.33,2.57,0.87,163.64,1.56,-39.30,DRA Global,0.46,0.13,Santova Ltd,1.22,1.56,Crookes Brothers Ltd,0.41,0.69,Mtn Zakhele Futhi,0.5,10.39,Sabvest Capital,0.87,3.83,Sygnia Ltd,3.17,3.3,PBT Group,2.09,0.69
137,City Lodge,2.45,1.73,0.58,-76.33,2.44,41.04,Invprop,0.5,4.59,Emira,0.59,2.24,Fortress Income,0.63,3.57,Attacq,0.49,2.44,Stor-Age Property REIT Ltd,0.91,6.45,JSE,0.0,0.0,Insimbi Refractory Alloy Supply,0.58,0.07
138,Schroder European Real Estate PLC,0.89,7.24,0.83,-6.74,3.44,-52.49,Telemasters,1.42,0.79,Nictus,0.41,0.96,Oasis Crescent,0.83,12.48,African Media Entertainment,0.99,0.9,Heriot,0.9,5.1,Newpark REIT,0.52,3.81,Safari Investments RSA Ltd,0.66,3.44
139,Lewis,0.53,0.33,0.88,66.04,0.54,63.64,Caxton,0.47,0.54,Quantum Foods Holdings,0.45,0.16,Italtile,2.29,1.71,Adcock Ingram,1.68,1.01,Afrimat,2.26,1.75,Sea Harvest,0.88,0.53,Invicta Holdings,0.59,0.34
140,HomeChoice Investments,0.72,0.93,0.56,-22.22,0.69,-25.81,Bowler Metcalf Ltd,0.9,0.9,Primeserv Group Ltd,0.56,0.13,Crookes Brothers Ltd,0.41,0.69,Sygnia Ltd,3.17,3.3,DRA Global,0.46,0.13,PBT Group,2.09,0.69,Sephaku Holdings Ltd,0.22,0.29
141,Mtn Zakhele Futhi,0.5,10.39,0.99,98.00,1.56,-84.99,Santova Ltd,1.22,1.56,Grand Parade,1.24,80.95,Acsion,0.33,2.57,4Sight,0.47,0.24,MiX Telematics Ltd,1.55,1.2,Sabvest Capital,0.87,3.83,African Media Entertainment,0.99,0.9
142,Combined Moto,1.77,0.18,0.57,-67.80,0.27,50.00,AfroCentric Investment Corp,1.29,0.36,Mustek Ltd,0.68,0.1,Deneb Investments,0.57,0.3,Bell Equipment Ltd.,0.37,0.17,Brimstone Investment,0.52,0.27,Quantum Foods Holdings,0.45,0.16,Sea Harvest,0.88,0.53
143,Capital Regional,0.48,2.55,0.80,66.67,3.44,34.90,Safari Investments RSA Ltd,0.66,3.44,Newpark REIT,0.52,3.81,Heriot,0.9,5.1,Telemasters,1.42,0.79,Schroder European Real Estate PLC,0.89,7.24,Transcend Residential Property,0.73,3.35,Trematon Capital Investments,0.8,1.37
144,Master Drilling Group Ltd,0.65,0.59,0.57,-12.31,0.34,-42.37,Grindrod,0.0,0.0,York Timber Holdings Ltd,0.34,0.57,Invicta Holdings,0.59,0.34,Invicta,0.59,0.34,South Ocean Holdings Ltd,0.37,0.12,Choppies Enterprises,1.29,0.09,Emedia Holdings,0.57,0.47
145,Capital Appreciation,1.2,1.92,0.58,-51.67,0.65,-66.15,Ayo Tech,0.38,0.65,Cognition Holdings Ltd,1.34,0.93,Mtn Zakhele Futhi,0.5,10.39,Frontier Transport Holdings,1.0,0.63,Santova Ltd,1.22,1.56,Calgro M3 Holdings Ltd,0.33,0.25,Insimbi Refractory Alloy Supply,0.58,0.07
146,Tradehold,0.41,1.02,0.71,73.17,0.52,-49.02,Rex Trueform,0.97,0.52,Buffalo Coal,0.47,0.06,Trematon Capital Investments,0.8,1.37,Jasco Electronics Holdings Ltd,0.71,0.07,Heriot,0.9,5.1,DRA Global,0.46,0.13,Safari Investments RSA Ltd,0.66,3.44
147,Aveng Ltd,0.46,0.06,0.97,110.87,0.34,466.67,Hulamin,0.33,0.07,Metair,0.97,0.38,Raubex,1.02,0.39,Kaap Agri Bedryf,1.05,0.18,Libstar,0.66,0.34,Bell Equipment Ltd.,0.37,0.17,Tiger Brands,2.26,1.03
148,YeboYethu,0.49,1.96,0.80,63.27,1.37,-30.10,Trematon Capital Investments,0.8,1.37,Tradehold,0.41,1.02,Heriot,0.9,5.1,Jasco Electronics Holdings Ltd,0.71,0.07,Sygnia Ltd,3.17,3.3,Safari Investments RSA Ltd,0.66,3.44,Rex Trueform,0.97,0.52
149,Purple Capital Ltd,3.61,6.36,1.34,-62.88,2.22,-65.09,RENERGEN,4.93,1160.0,Southern Sun,0.82,1.54,Stadio,2.24,3.28,Orion Gold NL,2.04,51.69,Labat Africa Ltd,0.75,2.22,Cognition Holdings Ltd,1.34,0.93,Insimbi Refractory Alloy Supply,0.58,0.07
150,Spear REIT,0.62,2.82,0.63,1.61,1.20,-57.45,Liberty Two Degrees,0.61,3.89,Metrofile,0.0,0.0,EPE Capital Partners,0.63,2.68,Frontier Transport Holdings,1.0,0.63,MiX Telematics Ltd,1.55,1.2,Indluplace Properties Ltd,0.47,1.68,PBT Group,2.09,0.69
151,Brimstone Investment,0.52,0.27,0.59,13.46,0.34,25.93,Famous Brands,10.04,0.95,Deneb Investments,0.57,0.3,RFG Holdings,0.89,0.37,Invicta Holdings,0.59,0.34,Invicta,0.59,0.34,Mustek Ltd,0.68,0.1,Bell Equipment Ltd.,0.37,0.17
152,E Media Holdings Ltd,0.57,0.47,0.59,3.51,0.38,-19.15,Emedia Holdings,0.57,0.47,Vunani,1.31,0.59,Master Drilling Group Ltd,0.65,0.59,Metrofile,0.0,0.0,Marshall Monteagle PLC,0.0,0.37,Transpaco Ltd,1.11,0.38,Invicta Holdings,0.59,0.34
153,DRA Global,0.46,0.13,0.56,21.74,0.52,300.00,Sephaku Holdings Ltd,0.22,0.29,Crookes Brothers Ltd,0.41,0.69,Rex Trueform,0.97,0.52,Sygnia Ltd,3.17,3.3,Primeserv Group Ltd,0.56,0.13,Vunani,1.31,0.59,Buffalo Coal,0.47,0.06
154,Balwin Properties,0.41,0.43,0.57,39.02,0.38,-11.63,Emedia Holdings,0.57,0.47,E Media Holdings Ltd,0.57,0.47,Frontier Transport Holdings,1.0,0.63,Quantum Foods Holdings,0.45,0.16,Deneb Investments,0.57,0.3,Transpaco Ltd,1.11,0.38,Invicta Holdings,0.59,0.34
155,Safari Investments RSA Ltd,0.66,3.44,0.52,-21.21,2.55,-25.87,Newpark REIT,0.52,3.81,Transcend Residential Property,0.73,3.35,Heriot,0.9,5.1,Capital Regional,0.48,2.55,Bauba Platinum Ltd,1.03,1.06,Putprop Ltd,0.25,1.39,Trellidor Holdings Ltd,0.0,0.55
156,Ayo Tech,0.38,0.65,0.36,-5.26,0.47,-27.69,Indluplace Properties Ltd,0.47,1.68,Accelerate Property Fund Ltd,0.15,1.06,Frontier Transport Holdings,1.0,0.63,NU World Holdings Ltd,0.36,0.24,Metrofile,0.0,0.0,Marshall Monteagle PLC,0.0,0.37,Emedia Holdings,0.57,0.47
157,Bell Equipment Ltd.,0.37,0.17,0.68,83.78,0.34,100.00,RFG Holdings,0.89,0.37,Libstar,0.66,0.34,Mpact,1.1,0.37,Deneb Investments,0.57,0.3,Adcock Ingram,1.68,1.01,Mustek Ltd,0.68,0.1,Grindrod,0.0,0.0
158,Grand Parade,1.24,80.95,0.83,-33.06,1.56,-98.07,Mtn Zakhele Futhi,0.5,10.39,Santova Ltd,1.22,1.56,Brikor,1.02,0.4,EPE Capital Partners,0.63,2.68,4Sight,0.47,0.24,Telemasters,1.42,0.79,Oasis Crescent,0.83,12.48
159,Frontier Transport Holdings,1.0,0.63,0.57,-43.00,0.47,-25.40,Metrofile,0.0,0.0,Ayo Tech,0.38,0.65,Emedia Holdings,0.57,0.47,E Media Holdings Ltd,0.57,0.47,PBT Group,2.09,0.69,Vunani,1.31,0.59,Marshall Monteagle PLC,0.0,0.37
160,EPE Capital Partners,0.63,2.68,0.83,31.75,1.20,-55.22,4Sight,0.47,0.24,MiX Telematics Ltd,1.55,1.2,Oasis Crescent,0.83,12.48,African Media Entertainment,0.99,0.9,Nictus,0.41,0.96,Schroder European Real Estate PLC,0.89,7.24,Putprop Ltd,0.25,1.39
161,Metrofile,0.0,0.0,0.37,0.00,0.37,0.00,Marshall Monteagle PLC,0.0,0.37,Vunani,1.31,0.59,PBT Group,2.09,0.69,Choppies Enterprises,1.29,0.09,York Timber Holdings Ltd,0.34,0.57,Sephaku Holdings Ltd,0.22,0.29,South Ocean Holdings Ltd,0.37,0.12
162,Steinhoff,0.01,0.01,1.88,18700.00,0.81,8000.00,Woolworths,5.4,0.79,MTN,2.31,1.32,Bidvest,2.84,0.81,Sibanye Stillwater,1.16,0.76,Kibo Energy,0.21,10.39,Kap Industrial,0.73,0.29,Gold Fields,1.88,1.85
163,Novus Holdings Ltd,0.57,0.41,0.37,-35.09,0.37,-9.76,Transpaco Ltd,1.11,0.38,Frontier Transport Holdings,1.0,0.63,NU World Holdings Ltd,0.36,0.24,Ayo Tech,0.38,0.65,South Ocean Holdings Ltd,0.37,0.12,Marshall Monteagle PLC,0.0,0.37,Metrofile,0.0,0.0
164,Oasis Crescent,0.83,12.48,0.89,7.23,1.06,-91.51,Schroder European Real Estate PLC,0.89,7.24,African Media Entertainment,0.99,0.9,Nictus,0.41,0.96,Heriot,0.9,5.1,Bauba Platinum Ltd,1.03,1.06,4Sight,0.47,0.24,Putprop Ltd,0.25,1.39
165,Emedia Holdings,0.57,0.47,0.59,3.51,0.47,0.00,E Media Holdings Ltd,0.57,0.47,Vunani,1.31,0.59,Master Drilling Group Ltd,0.65,0.59,Metrofile,0.0,0.0,Marshall Monteagle PLC,0.0,0.37,Invicta Holdings,0.59,0.34,Frontier Transport Holdings,1.0,0.63
166,Choppies Enterprises,1.29,0.09,0.34,-73.64,0.37,311.11,Vunani,1.31,0.59,Marshall Monteagle PLC,0.0,0.37,PBT Group,2.09,0.69,Metrofile,0.0,0.0,York Timber Holdings Ltd,0.34,0.57,Sephaku Holdings Ltd,0.22,0.29,DRA Global,0.46,0.13
167,Accelerate Property Fund Ltd,0.15,1.06,0.47,213.33,1.68,58.49,Indluplace Properties Ltd,0.47,1.68,Liberty Two Degrees,0.61,3.89,Spear REIT,0.62,2.82,Texton Property Fund Ltd,0.35,2.38,Putprop Ltd,0.25,1.39,Metrofile,0.0,0.0,MiX Telematics Ltd,1.55,1.2
168,Hulamin,0.33,0.07,1.02,209.09,0.73,942.86,Dis-Chem Pharmacies,6.19,0.73,Aveng Ltd,0.46,0.06,Libstar,0.66,0.34,Curro Hol,0.64,1.12,Distell,2.24,1.9,Raubex,1.02,0.39,Tiger Brands,2.26,1.03
169,Santova Ltd,1.22,1.56,0.80,-34.43,1.37,-12.18,Ellies,1.22,0.11,Mtn Zakhele Futhi,0.5,10.39,Acsion,0.33,2.57,MiX Telematics Ltd,1.55,1.2,4Sight,0.47,0.24,Grand Parade,1.24,80.95,Trematon Capital Investments,0.8,1.37
170,Transcend Residential Property,0.73,3.35,0.83,13.70,3.44,2.69,Safari Investments RSA Ltd,0.66,3.44,Newpark REIT,0.52,3.81,Capital Regional,0.48,2.55,Telemasters,1.42,0.79,Heriot,0.9,5.1,African Media Entertainment,0.99,0.9,Oasis Crescent,0.83,12.48
171,York Timber Holdings Ltd,0.34,0.57,0.37,8.82,0.13,-77.19,Sephaku Holdings Ltd,0.22,0.29,DRA Global,0.46,0.13,South Ocean Holdings Ltd,0.37,0.12,Marshall Monteagle PLC,0.0,0.37,Choppies Enterprises,1.29,0.09,Metrofile,0.0,0.0,Vunani,1.31,0.59
172,Indluplace Properties Ltd,0.47,1.68,0.35,-25.53,1.02,-39.29,Accelerate Property Fund Ltd,0.15,1.06,Liberty Two Degrees,0.61,3.89,Metrofile,0.0,0.0,Trellidor Holdings Ltd,0.0,0.55,PBT Group,2.09,0.69,Tradehold,0.41,1.02,Texton Property Fund Ltd,0.35,2.38
173,Mustek Ltd,0.68,0.1,0.59,-13.24,0.34,240.00,Deneb Investments,0.57,0.3,AfroCentric Investment Corp,1.29,0.36,RFG Holdings,0.89,0.37,Bell Equipment Ltd.,0.37,0.17,Invicta,0.59,0.34,Invicta Holdings,0.59,0.34,Afrimat,2.26,1.75
174,Transpaco Ltd,1.11,0.38,0.37,-66.67,0.37,-2.63,South Ocean Holdings Ltd,0.37,0.12,DRA Global,0.46,0.13,Sephaku Holdings Ltd,0.22,0.29,York Timber Holdings Ltd,0.34,0.57,Marshall Monteagle PLC,0.0,0.37,E Media Holdings Ltd,0.57,0.47,Frontier Transport Holdings,1.0,0.63
175,Deneb Investments,0.57,0.3,0.59,3.51,0.34,13.33,Invicta,0.59,0.34,Invicta Holdings,0.59,0.34,Mustek Ltd,0.68,0.1,RFG Holdings,0.89,0.37,Master Drilling Group Ltd,0.65,0.59,Brimstone Investment,0.52,0.27,Caxton,0.47,0.54
176,Orion Gold NL,2.04,51.69,0.82,-59.80,2.44,-95.28,Southern Sun,0.82,1.54,Purple Capital Ltd,3.61,6.36,RENERGEN,4.93,1160.0,Sirius RE,1.09,5.72,Curro Hol,0.64,1.12,Labat Africa Ltd,0.75,2.22,Attacq,0.49,2.44
177,Quantum Foods Holdings,0.45,0.16,0.59,31.11,0.34,112.50,Caxton,0.47,0.54,Lewis,0.53,0.33,AfroCentric Investment Corp,1.29,0.36,Mustek Ltd,0.68,0.1,RFG Holdings,0.89,0.37,Invicta Holdings,0.59,0.34,Invicta,0.59,0.34
178,MC Mining,0.56,2.9,1.09,94.64,5.72,97.24,Labat Africa Ltd,0.75,2.22,Jubilee Platinum,0.54,3.05,Sirius RE,1.09,5.72,Southern Sun,0.82,1.54,Purple Capital Ltd,3.61,6.36,RENERGEN,4.93,1160.0,Orion Gold NL,2.04,51.69
179,Marshall Monteagle PLC,0.0,0.37,0.37,0.00,0.29,-21.62,Metrofile,0.0,0.0,York Timber Holdings Ltd,0.34,0.57,Choppies Enterprises,1.29,0.09,Sephaku Holdings Ltd,0.22,0.29,Vunani,1.31,0.59,South Ocean Holdings Ltd,0.37,0.12,PBT Group,2.09,0.69
180,RMB,0.22,13.63,0.70,218.18,0.86,-93.69,Reunert,1.35,0.86,NEPI Rockcastle,0.9,5.59,Grindrod,0.0,0.0,PPC,0.7,0.45,Premier Fishing,0.56,0.85,Jubilee Platinum,0.54,3.05,Northam Platinum Holdings,2.03,1.77
181,Rebosis Property,0.06,0.1,0.41,583.33,0.24,140.00,Rebosis,0.06,0.1,Delta Property Fund,0.06,0.13,Sygnia Ltd,3.17,3.3,Rex Trueform,0.97,0.52,NU World Holdings Ltd,0.36,0.24,Tradehold,0.41,1.02,DRA Global,0.46,0.13
182,PBT Group,2.09,0.69,0.46,-77.99,0.13,-81.16,Vunani,1.31,0.59,Trellidor Holdings Ltd,0.0,0.55,Metrofile,0.0,0.0,Primeserv Group Ltd,0.56,0.13,Buffalo Coal,0.47,0.06,Sephaku Holdings Ltd,0.22,0.29,DRA Global,0.46,0.13
183,Texton Property Fund Ltd,0.35,2.38,0.66,88.57,1.06,-55.46,Delta Property Fund,0.06,0.13,Santova Ltd,1.22,1.56,Accelerate Property Fund Ltd,0.15,1.06,Ellies,1.22,0.11,Brikor,1.02,0.4,Safari Investments RSA Ltd,0.66,3.44,Mtn Zakhele Futhi,0.5,10.39
184,Trematon Capital Investments,0.8,1.37,0.90,12.50,1.02,-25.55,Tradehold,0.41,1.02,Crookes Brothers Ltd,0.41,0.69,Bauba Platinum Ltd,1.03,1.06,African Media Entertainment,0.99,0.9,Heriot,0.9,5.1,Oasis Crescent,0.83,12.48,Rex Trueform,0.97,0.52
185,Bowler Metcalf Ltd,0.9,0.9,0.56,-37.78,0.69,-23.33,HomeChoice Investments,0.72,0.93,Primeserv Group Ltd,0.56,0.13,Crookes Brothers Ltd,0.41,0.69,Trematon Capital Investments,0.8,1.37,PBT Group,2.09,0.69,4Sight,0.47,0.24,DRA Global,0.46,0.13
186,Nampak,0.13,0.04,1.32,915.38,0.73,1725.00,Grindrod,0.0,0.0,Raubex,1.02,0.39,Transaction Capital,2.66,0.88,Reunert,1.35,0.86,Dis-Chem Pharmacies,6.19,0.73,Quilter,1.32,0.7,Curro Hol,0.64,1.12
187,Murray & Roberts,0.0,0.0,1.02,0.00,0.38,0.00,ArcelorMittal,0.39,0.11,Tiger Brands,2.26,1.03,Raubex,1.02,0.39,Cashbuild,1.81,0.38,Aveng Ltd,0.46,0.06,Hulamin,0.33,0.07,Mr Price,3.03,1.3
188,NU World Holdings Ltd,0.36,0.24,0.46,27.78,0.37,54.17,HomeChoice Investments,0.72,0.93,Primeserv Group Ltd,0.56,0.13,South Ocean Holdings Ltd,0.37,0.12,Marshall Monteagle PLC,0.0,0.37,DRA Global,0.46,0.13,PBT Group,2.09,0.69,York Timber Holdings Ltd,0.34,0.57
189,Huge Group,0.27,25.22,0.83,207.41,2.68,-89.37,Grand Parade,1.24,80.95,Oasis Crescent,0.83,12.48,EPE Capital Partners,0.63,2.68,Schroder European Real Estate PLC,0.89,7.24,4Sight,0.47,0.24,Putprop Ltd,0.25,1.39,African Media Entertainment,0.99,0.9
190,Crookes Brothers Ltd,0.41,0.69,0.97,136.59,0.40,-42.03,Sephaku Holdings Ltd,0.22,0.29,4Sight,0.47,0.24,Rex Trueform,0.97,0.52,Brikor,1.02,0.4,African Media Entertainment,0.99,0.9,Bauba Platinum Ltd,1.03,1.06,Primeserv Group Ltd,0.56,0.13
191,Newpark REIT,0.52,3.81,0.73,40.38,2.55,-33.07,Safari Investments RSA Ltd,0.66,3.44,Capital Regional,0.48,2.55,Telemasters,1.42,0.79,Transcend Residential Property,0.73,3.35,Schroder European Real Estate PLC,0.89,7.24,Nictus,0.41,0.96,African Media Entertainment,0.99,0.9
192,Vunani,1.31,0.59,0.34,-74.05,0.29,-50.85,PBT Group,2.09,0.69,Metrofile,0.0,0.0,Choppies Enterprises,1.29,0.09,Marshall Monteagle PLC,0.0,0.37,Primeserv Group Ltd,0.56,0.13,York Timber Holdings Ltd,0.34,0.57,Sephaku Holdings Ltd,0.22,0.29
193,Insimbi Refractory Alloy Supply,0.58,0.07,0.59,1.72,0.37,428.57,Calgro M3 Holdings Ltd,0.33,0.25,Invicta Holdings,0.59,0.34,Invicta,0.59,0.34,RFG Holdings,0.89,0.37,Master Drilling Group Ltd,0.65,0.59,Balwin Properties,0.41,0.43,Caxton,0.47,0.54
194,Ascendis Health Ltd,0.98,0.25,0.46,-53.06,0.37,48.00,Buffalo Coal,0.47,0.06,Tradehold,0.41,1.02,Vunani,1.31,0.59,Metrofile,0.0,0.0,PBT Group,2.09,0.69,Marshall Monteagle PLC,0.0,0.37,DRA Global,0.46,0.13
195,Premier Fishing,0.56,0.85,0.54,-3.57,3.05,258.82,Nampak,0.13,0.04,Grindrod,0.0,0.0,Reunert,1.35,0.86,Jubilee Platinum,0.54,3.05,Invprop,0.5,4.59,Fortress Income,0.63,3.57,Sirius RE,1.09,5.72
196,Calgro M3 Holdings Ltd,0.33,0.25,1.22,269.70,0.29,16.00,Sephaku Holdings Ltd,0.22,0.29,Ellies,1.22,0.11,Santova Ltd,1.22,1.56,MiX Telematics Ltd,1.55,1.2,Cognition Holdings Ltd,1.34,0.93,Metrofile,0.0,0.0,Delta Property Fund,0.06,0.13
197,Rex Trueform,0.97,0.52,0.41,-57.73,0.24,-53.85,DRA Global,0.46,0.13,Crookes Brothers Ltd,0.41,0.69,Sephaku Holdings Ltd,0.22,0.29,Tradehold,0.41,1.02,Delta Property Fund,0.06,0.13,4Sight,0.47,0.24,Jasco Electronics Holdings Ltd,0.71,0.07
198,Bauba Platinum Ltd,1.03,1.06,0.47,-54.37,0.55,-48.11,Putprop Ltd,0.25,1.39,Telemasters,1.42,0.79,Trellidor Holdings Ltd,0.0,0.55,Buffalo Coal,0.47,0.06,4Sight,0.47,0.24,Tradehold,0.41,1.02,Rex Trueform,0.97,0.52
199,EOH,8.61,0.05,1.09,-87.34,5.72,11340.00,RENERGEN,4.93,1160.0,Southern Sun,0.82,1.54,Orion Gold NL,2.04,51.69,Purple Capital Ltd,3.61,6.36,Sirius RE,1.09,5.72,Curro Hol,0.64,1.12,Attacq,0.49,2.44
200,Trellidor Holdings Ltd,0.0,0.55,0.66,0.00,0.69,25.45,Bauba Platinum Ltd,1.03,1.06,PBT Group,2.09,0.69,4Sight,0.47,0.24,Sephaku Holdings Ltd,0.22,0.29,Safari Investments RSA Ltd,0.66,3.44,Transcend Residential Property,0.73,3.35,Buffalo Coal,0.47,0.06
201,Stefanutti Stocks,0.0,0.0,0.57,0.00,0.37,0.00,Novus Holdings Ltd,0.57,0.41,Transpaco Ltd,1.11,0.38,York Timber Holdings Ltd,0.34,0.57,South Ocean Holdings Ltd,0.37,0.12,Marshall Monteagle PLC,0.0,0.37,Invicta,0.59,0.34,Invicta Holdings,0.59,0.34
202,RH Bophelo,0.28,48.3,0.83,196.43,2.68,-94.45,Crookes Brothers Ltd,0.41,0.69,African Media Entertainment,0.99,0.9,Oasis Crescent,0.83,12.48,4Sight,0.47,0.24,Schroder European Real Estate PLC,0.89,7.24,Grand Parade,1.24,80.95,EPE Capital Partners,0.63,2.68
203,Sephaku Holdings Ltd,0.22,0.29,0.97,340.91,0.59,103.45,DRA Global,0.46,0.13,Crookes Brothers Ltd,0.41,0.69,Bauba Platinum Ltd,1.03,1.06,Rex Trueform,0.97,0.52,Vunani,1.31,0.59,Primeserv Group Ltd,0.56,0.13,PBT Group,2.09,0.69
204,South Ocean Holdings Ltd,0.37,0.12,0.34,-8.11,0.29,141.67,DRA Global,0.46,0.13,York Timber Holdings Ltd,0.34,0.57,Sephaku Holdings Ltd,0.22,0.29,Marshall Monteagle PLC,0.0,0.37,Choppies Enterprises,1.29,0.09,Metrofile,0.0,0.0,Transpaco Ltd,1.11,0.38
205,African Media Entertainment,0.99,0.9,0.83,-16.16,0.96,6.67,Nictus,0.41,0.96,Trellidor Holdings Ltd,0.0,0.55,Oasis Crescent,0.83,12.48,Schroder European Real Estate PLC,0.89,7.24,Telemasters,1.42,0.79,Bauba Platinum Ltd,1.03,1.06,4Sight,0.47,0.24
206,Finbond Group Ltd,0.25,0.13,0.71,184.00,0.69,430.77,HomeChoice Investments,0.72,0.93,NU World Holdings Ltd,0.36,0.24,Bowler Metcalf Ltd,0.9,0.9,Jasco Electronics Holdings Ltd,0.71,0.07,Tradehold,0.41,1.02,Crookes Brothers Ltd,0.41,0.69,African & Overseas,0.98,0.26
207,Cognition Holdings Ltd,1.34,0.93,0.50,-62.69,0.90,-3.23,Mtn Zakhele Futhi,0.5,10.39,Santova Ltd,1.22,1.56,Texton Property Fund Ltd,0.35,2.38,African Media Entertainment,0.99,0.9,Calgro M3 Holdings Ltd,0.33,0.25,Ellies,1.22,0.11,4Sight,0.47,0.24
208,Advanced Health,14.46,0.41,0.47,-96.75,0.69,68.29,4Sight,0.47,0.24,MiX Telematics Ltd,1.55,1.2,EPE Capital Partners,0.63,2.68,PBT Group,2.09,0.69,Metrofile,0.0,0.0,Calgro M3 Holdings Ltd,0.33,0.25,Acsion,0.33,2.57
209,Buffalo Coal,0.47,0.06,0.47,0.00,0.55,816.67,Bauba Platinum Ltd,1.03,1.06,Tradehold,0.41,1.02,Rex Trueform,0.97,0.52,Sephaku Holdings Ltd,0.22,0.29,Trellidor Holdings Ltd,0.0,0.55,4Sight,0.47,0.24,Safari Investments RSA Ltd,0.66,3.44
210,Rebosis,0.06,0.1,0.36,500.00,0.24,140.00,Rebosis Property,0.06,0.1,Delta Property Fund,0.06,0.13,Primeserv Group Ltd,0.56,0.13,NU World Holdings Ltd,0.36,0.24,PBT Group,2.09,0.69,Trellidor Holdings Ltd,0.0,0.55,Tradehold,0.41,1.02
211,African & Overseas,0.98,0.26,0.41,-58.16,0.40,53.85,Jasco Electronics Holdings Ltd,0.71,0.07,Delta Property Fund,0.06,0.13,Rex Trueform,0.97,0.52,Brikor,1.02,0.4,Tradehold,0.41,1.02,Crookes Brothers Ltd,0.41,0.69,Sephaku Holdings Ltd,0.22,0.29
212,Delta Property Fund,0.06,0.13,0.71,1083.33,0.52,300.00,Rex Trueform,0.97,0.52,Jasco Electronics Holdings Ltd,0.71,0.07,Tradehold,0.41,1.02,African & Overseas,0.98,0.26,DRA Global,0.46,0.13,Crookes Brothers Ltd,0.41,0.69,Trematon Capital Investments,0.8,1.37
213,Putprop Ltd,0.25,1.39,0.89,256.00,0.96,-30.94,Bauba Platinum Ltd,1.03,1.06,Buffalo Coal,0.47,0.06,Nictus,0.41,0.96,Schroder European Real Estate PLC,0.89,7.24,EPE Capital Partners,0.63,2.68,Telemasters,1.42,0.79,African Media Entertainment,0.99,0.9
214,4Sight,0.47,0.24,0.41,-12.77,0.90,275.00,Crookes Brothers Ltd,0.41,0.69,Trellidor Holdings Ltd,0.0,0.55,Bauba Platinum Ltd,1.03,1.06,Nictus,0.41,0.96,African Media Entertainment,0.99,0.9,Putprop Ltd,0.25,1.39,Brikor,1.02,0.4
215,Brikor,1.02,0.4,0.90,-11.76,0.79,97.50,Crookes Brothers Ltd,0.41,0.69,4Sight,0.47,0.24,Telemasters,1.42,0.79,Bauba Platinum Ltd,1.03,1.06,African Media Entertainment,0.99,0.9,Bowler Metcalf Ltd,0.9,0.9,Buffalo Coal,0.47,0.06
216,Ellies,1.22,0.11,0.50,-59.02,0.93,745.45,Calgro M3 Holdings Ltd,0.33,0.25,Santova Ltd,1.22,1.56,MiX Telematics Ltd,1.55,1.2,4Sight,0.47,0.24,Delta Property Fund,0.06,0.13,Mtn Zakhele Futhi,0.5,10.39,Cognition Holdings Ltd,1.34,0.93
217,Primeserv Group Ltd,0.56,0.13,0.46,-17.86,0.55,323.08,PBT Group,2.09,0.69,4Sight,0.47,0.24,Trellidor Holdings Ltd,0.0,0.55,Crookes Brothers Ltd,0.41,0.69,Bauba Platinum Ltd,1.03,1.06,Sephaku Holdings Ltd,0.22,0.29,DRA Global,0.46,0.13
218,Kibo Energy,0.21,10.39,1.10,423.81,1.85,-82.19,OUTsurance,4.76,2.55,Gold Fields,1.88,1.85,PPC,0.7,0.45,Pan African Resources,1.86,2.69,African Rainbow,0.72,5.94,Pepkor,1.1,0.85,Kap Industrial,0.73,0.29
219,Labat Africa Ltd,0.75,2.22,0.91,21.33,2.68,20.72,Mtn Zakhele Futhi,0.5,10.39,Acsion,0.33,2.57,EPE Capital Partners,0.63,2.68,Santova Ltd,1.22,1.56,Ellies,1.22,0.11,Stor-Age Property REIT Ltd,0.91,6.45,Stadio,2.24,3.28
220,Telemasters,1.42,0.79,0.66,-53.52,1.39,75.95,Schroder European Real Estate PLC,0.89,7.24,Bauba Platinum Ltd,1.03,1.06,African Media Entertainment,0.99,0.9,Newpark REIT,0.52,3.81,Nictus,0.41,0.96,Safari Investments RSA Ltd,0.66,3.44,Putprop Ltd,0.25,1.39
221,Jasco Electronics Holdings Ltd,0.71,0.07,0.80,12.68,0.26,271.43,Delta Property Fund,0.06,0.13,African & Overseas,0.98,0.26,Tradehold,0.41,1.02,Rex Trueform,0.97,0.52,Ascendis Health Ltd,0.98,0.25,Trematon Capital Investments,0.8,1.37,DRA Global,0.46,0.13
222,Cafca,0.1,0.04,0.97,870.00,0.37,825.00,Mpact,1.1,0.37,Bell Equipment Ltd.,0.37,0.17,Libstar,0.66,0.34,Metair,0.97,0.38,Ninety One,9.42,1.78,Aveng Ltd,0.46,0.06,Netcare,2.05,0.97
223,Nictus,0.41,0.96,0.89,117.07,1.06,10.42,African Media Entertainment,0.99,0.9,Schroder European Real Estate PLC,0.89,7.24,Oasis Crescent,0.83,12.48,Telemasters,1.42,0.79,Bauba Platinum Ltd,1.03,1.06,Putprop Ltd,0.25,1.39,4Sight,0.47,0.24
